Topic,Question ,Link
1,1,https://www.examtopics.com/discussions/google/view/7083-exam-professional-cloud-architect-topic-1-question-1/
1,2,https://www.examtopics.com/discussions/google/view/7080-exam-professional-cloud-architect-topic-1-question-2/
1,3,https://www.examtopics.com/discussions/google/view/54378-exam-professional-cloud-architect-topic-1-question-3/
1,4,https://www.examtopics.com/discussions/google/view/7085-exam-professional-cloud-architect-topic-1-question-4/
1,5,https://www.examtopics.com/discussions/google/view/6837-exam-professional-cloud-architect-topic-1-question-5/
1,6,https://www.examtopics.com/discussions/google/view/54383-exam-professional-cloud-architect-topic-1-question-6/
1,7,https://www.examtopics.com/discussions/google/view/54304-exam-professional-cloud-architect-topic-1-question-7/
1,8,https://www.examtopics.com/discussions/google/view/7126-exam-professional-cloud-architect-topic-1-question-8/
1,9,https://www.examtopics.com/discussions/google/view/7130-exam-professional-cloud-architect-topic-1-question-9/
1,10,https://www.examtopics.com/discussions/google/view/7041-exam-professional-cloud-architect-topic-1-question-10/
1,11,https://www.examtopics.com/discussions/google/view/7133-exam-professional-cloud-architect-topic-1-question-11/
1,12,https://www.examtopics.com/discussions/google/view/7134-exam-professional-cloud-architect-topic-1-question-12/
1,13,https://www.examtopics.com/discussions/google/view/7137-exam-professional-cloud-architect-topic-1-question-13/
1,14,https://www.examtopics.com/discussions/google/view/7142-exam-professional-cloud-architect-topic-1-question-14/
1,15,https://www.examtopics.com/discussions/google/view/7147-exam-professional-cloud-architect-topic-1-question-15/
1,16,https://www.examtopics.com/discussions/google/view/20238-exam-professional-cloud-architect-topic-1-question-16/
1,17,https://www.examtopics.com/discussions/google/view/7150-exam-professional-cloud-architect-topic-1-question-17/
1,18,https://www.examtopics.com/discussions/google/view/7154-exam-professional-cloud-architect-topic-1-question-18/
1,19,https://www.examtopics.com/discussions/google/view/7161-exam-professional-cloud-architect-topic-1-question-19/
1,20,https://www.examtopics.com/discussions/google/view/22386-exam-professional-cloud-architect-topic-1-question-20/
1,21,https://www.examtopics.com/discussions/google/view/7128-exam-professional-cloud-architect-topic-1-question-21/
1,22,https://www.examtopics.com/discussions/google/view/54406-exam-professional-cloud-architect-topic-1-question-22/
1,23,https://www.examtopics.com/discussions/google/view/7167-exam-professional-cloud-architect-topic-1-question-23/
1,24,https://www.examtopics.com/discussions/google/view/10898-exam-professional-cloud-architect-topic-1-question-24/
1,25,https://www.examtopics.com/discussions/google/view/7118-exam-professional-cloud-architect-topic-1-question-25/
1,26,https://www.examtopics.com/discussions/google/view/7172-exam-professional-cloud-architect-topic-1-question-26/
1,27,https://www.examtopics.com/discussions/google/view/11781-exam-professional-cloud-architect-topic-1-question-27/
1,28,https://www.examtopics.com/discussions/google/view/6884-exam-professional-cloud-architect-topic-1-question-28/
1,29,https://www.examtopics.com/discussions/google/view/7200-exam-professional-cloud-architect-topic-1-question-29/
1,30,https://www.examtopics.com/discussions/google/view/54125-exam-professional-cloud-architect-topic-1-question-30/
1,31,https://www.examtopics.com/discussions/google/view/54389-exam-professional-cloud-architect-topic-1-question-31/
1,32,https://www.examtopics.com/discussions/google/view/7202-exam-professional-cloud-architect-topic-1-question-32/
1,33,https://www.examtopics.com/discussions/google/view/9033-exam-professional-cloud-architect-topic-1-question-33/
1,34,https://www.examtopics.com/discussions/google/view/54535-exam-professional-cloud-architect-topic-1-question-34/
1,35,https://www.examtopics.com/discussions/google/view/54534-exam-professional-cloud-architect-topic-1-question-35/
1,36,https://www.examtopics.com/discussions/google/view/10522-exam-professional-cloud-architect-topic-1-question-36/
1,37,https://www.examtopics.com/discussions/google/view/7208-exam-professional-cloud-architect-topic-1-question-37/
1,38,https://www.examtopics.com/discussions/google/view/7209-exam-professional-cloud-architect-topic-1-question-38/
1,39,https://www.examtopics.com/discussions/google/view/6844-exam-professional-cloud-architect-topic-1-question-39/
1,40,https://www.examtopics.com/discussions/google/view/7211-exam-professional-cloud-architect-topic-1-question-40/
1,41,https://www.examtopics.com/discussions/google/view/11803-exam-professional-cloud-architect-topic-1-question-41/
1,42,https://www.examtopics.com/discussions/google/view/7212-exam-professional-cloud-architect-topic-1-question-42/
1,43,https://www.examtopics.com/discussions/google/view/11804-exam-professional-cloud-architect-topic-1-question-43/
1,44,https://www.examtopics.com/discussions/google/view/7190-exam-professional-cloud-architect-topic-1-question-44/
1,45,https://www.examtopics.com/discussions/google/view/8197-exam-professional-cloud-architect-topic-1-question-45/
1,46,https://www.examtopics.com/discussions/google/view/6953-exam-professional-cloud-architect-topic-1-question-46/
1,47,https://www.examtopics.com/discussions/google/view/54735-exam-professional-cloud-architect-topic-1-question-47/
1,48,https://www.examtopics.com/discussions/google/view/7267-exam-professional-cloud-architect-topic-1-question-48/
1,49,https://www.examtopics.com/discussions/google/view/6846-exam-professional-cloud-architect-topic-1-question-49/
1,50,https://www.examtopics.com/discussions/google/view/7042-exam-professional-cloud-architect-topic-1-question-50/
1,51,https://www.examtopics.com/discussions/google/view/7231-exam-professional-cloud-architect-topic-1-question-51/
1,52,https://www.examtopics.com/discussions/google/view/7273-exam-professional-cloud-architect-topic-1-question-52/
1,53,https://www.examtopics.com/discussions/google/view/6314-exam-professional-cloud-architect-topic-1-question-53/
1,54,https://www.examtopics.com/discussions/google/view/7180-exam-professional-cloud-architect-topic-1-question-54/
1,55,https://www.examtopics.com/discussions/google/view/7043-exam-professional-cloud-architect-topic-1-question-55/
1,56,https://www.examtopics.com/discussions/google/view/7184-exam-professional-cloud-architect-topic-1-question-56/
1,57,https://www.examtopics.com/discussions/google/view/68708-exam-professional-cloud-architect-topic-1-question-57/
1,58,https://www.examtopics.com/discussions/google/view/6889-exam-professional-cloud-architect-topic-1-question-58/
1,59,https://www.examtopics.com/discussions/google/view/7285-exam-professional-cloud-architect-topic-1-question-59/
1,60,https://www.examtopics.com/discussions/google/view/6443-exam-professional-cloud-architect-topic-1-question-60/
1,61,https://www.examtopics.com/discussions/google/view/6330-exam-professional-cloud-architect-topic-1-question-61/
1,62,https://www.examtopics.com/discussions/google/view/8373-exam-professional-cloud-architect-topic-1-question-62/
1,63,https://www.examtopics.com/discussions/google/view/68714-exam-professional-cloud-architect-topic-1-question-63/
1,64,https://www.examtopics.com/discussions/google/view/7290-exam-professional-cloud-architect-topic-1-question-64/
1,65,https://www.examtopics.com/discussions/google/view/6308-exam-professional-cloud-architect-topic-1-question-65/
1,66,https://www.examtopics.com/discussions/google/view/9222-exam-professional-cloud-architect-topic-1-question-66/
1,67,https://www.examtopics.com/discussions/google/view/6890-exam-professional-cloud-architect-topic-1-question-67/
1,68,https://www.examtopics.com/discussions/google/view/6528-exam-professional-cloud-architect-topic-1-question-68/
1,69,https://www.examtopics.com/discussions/google/view/6892-exam-professional-cloud-architect-topic-1-question-69/
1,70,https://www.examtopics.com/discussions/google/view/11815-exam-professional-cloud-architect-topic-1-question-70/
1,71,https://www.examtopics.com/discussions/google/view/11301-exam-professional-cloud-architect-topic-1-question-71/
1,72,https://www.examtopics.com/discussions/google/view/11816-exam-professional-cloud-architect-topic-1-question-72/
1,73,https://www.examtopics.com/discussions/google/view/6529-exam-professional-cloud-architect-topic-1-question-73/
1,74,https://www.examtopics.com/discussions/google/view/11817-exam-professional-cloud-architect-topic-1-question-74/
1,75,https://www.examtopics.com/discussions/google/view/6452-exam-professional-cloud-architect-topic-1-question-75/
1,76,https://www.examtopics.com/discussions/google/view/11818-exam-professional-cloud-architect-topic-1-question-76/
1,77,https://www.examtopics.com/discussions/google/view/11819-exam-professional-cloud-architect-topic-1-question-77/
1,78,https://www.examtopics.com/discussions/google/view/6455-exam-professional-cloud-architect-topic-1-question-78/
1,79,https://www.examtopics.com/discussions/google/view/7323-exam-professional-cloud-architect-topic-1-question-79/
1,80,https://www.examtopics.com/discussions/google/view/6399-exam-professional-cloud-architect-topic-1-question-80/
1,81,https://www.examtopics.com/discussions/google/view/6896-exam-professional-cloud-architect-topic-1-question-81/
1,82,https://www.examtopics.com/discussions/google/view/6709-exam-professional-cloud-architect-topic-1-question-82/
1,83,https://www.examtopics.com/discussions/google/view/8378-exam-professional-cloud-architect-topic-1-question-83/
1,84,https://www.examtopics.com/discussions/google/view/6873-exam-professional-cloud-architect-topic-1-question-84/
1,85,https://www.examtopics.com/discussions/google/view/6457-exam-professional-cloud-architect-topic-1-question-85/
1,86,https://www.examtopics.com/discussions/google/view/7468-exam-professional-cloud-architect-topic-1-question-86/
1,87,https://www.examtopics.com/discussions/google/view/7328-exam-professional-cloud-architect-topic-1-question-87/
1,88,https://www.examtopics.com/discussions/google/view/9188-exam-professional-cloud-architect-topic-1-question-88/
1,89,https://www.examtopics.com/discussions/google/view/6712-exam-professional-cloud-architect-topic-1-question-89/
1,90,https://www.examtopics.com/discussions/google/view/6462-exam-professional-cloud-architect-topic-1-question-90/
1,91,https://www.examtopics.com/discussions/google/view/6817-exam-professional-cloud-architect-topic-1-question-91/
1,92,https://www.examtopics.com/discussions/google/view/68718-exam-professional-cloud-architect-topic-1-question-92/
1,93,https://www.examtopics.com/discussions/google/view/7123-exam-professional-cloud-architect-topic-1-question-93/
1,94,https://www.examtopics.com/discussions/google/view/10289-exam-professional-cloud-architect-topic-1-question-94/
1,95,https://www.examtopics.com/discussions/google/view/7962-exam-professional-cloud-architect-topic-1-question-95/
1,96,https://www.examtopics.com/discussions/google/view/7125-exam-professional-cloud-architect-topic-1-question-96/
1,97,https://www.examtopics.com/discussions/google/view/6466-exam-professional-cloud-architect-topic-1-question-97/
1,98,https://www.examtopics.com/discussions/google/view/7376-exam-professional-cloud-architect-topic-1-question-98/
1,99,https://www.examtopics.com/discussions/google/view/7377-exam-professional-cloud-architect-topic-1-question-99/
1,100,https://www.examtopics.com/discussions/google/view/7233-exam-professional-cloud-architect-topic-1-question-100/
1,101,https://www.examtopics.com/discussions/google/view/6306-exam-professional-cloud-architect-topic-1-question-101/
1,102,https://www.examtopics.com/discussions/google/view/6747-exam-professional-cloud-architect-topic-1-question-102/
1,103,https://www.examtopics.com/discussions/google/view/56841-exam-professional-cloud-architect-topic-1-question-103/
1,104,https://www.examtopics.com/discussions/google/view/56360-exam-professional-cloud-architect-topic-1-question-104/
1,105,https://www.examtopics.com/discussions/google/view/56368-exam-professional-cloud-architect-topic-1-question-105/
1,106,https://www.examtopics.com/discussions/google/view/56373-exam-professional-cloud-architect-topic-1-question-106/
1,107,https://www.examtopics.com/discussions/google/view/56365-exam-professional-cloud-architect-topic-1-question-107/
1,108,https://www.examtopics.com/discussions/google/view/56369-exam-professional-cloud-architect-topic-1-question-108/
1,109,https://www.examtopics.com/discussions/google/view/56381-exam-professional-cloud-architect-topic-1-question-109/
1,110,https://www.examtopics.com/discussions/google/view/56840-exam-professional-cloud-architect-topic-1-question-110/
1,111,https://www.examtopics.com/discussions/google/view/56686-exam-professional-cloud-architect-topic-1-question-111/
1,112,https://www.examtopics.com/discussions/google/view/56692-exam-professional-cloud-architect-topic-1-question-112/
1,113,https://www.examtopics.com/discussions/google/view/56576-exam-professional-cloud-architect-topic-1-question-113/
1,114,https://www.examtopics.com/discussions/google/view/56375-exam-professional-cloud-architect-topic-1-question-114/
1,115,https://www.examtopics.com/discussions/google/view/56376-exam-professional-cloud-architect-topic-1-question-115/
1,116,https://www.examtopics.com/discussions/google/view/56399-exam-professional-cloud-architect-topic-1-question-116/
1,117,https://www.examtopics.com/discussions/google/view/56403-exam-professional-cloud-architect-topic-1-question-117/
1,118,https://www.examtopics.com/discussions/google/view/56680-exam-professional-cloud-architect-topic-1-question-118/
1,119,https://www.examtopics.com/discussions/google/view/56684-exam-professional-cloud-architect-topic-1-question-119/
1,120,https://www.examtopics.com/discussions/google/view/56416-exam-professional-cloud-architect-topic-1-question-120/
1,121,https://www.examtopics.com/discussions/google/view/57270-exam-professional-cloud-architect-topic-1-question-121/
1,122,https://www.examtopics.com/discussions/google/view/56425-exam-professional-cloud-architect-topic-1-question-122/
1,123,https://www.examtopics.com/discussions/google/view/56384-exam-professional-cloud-architect-topic-1-question-123/
1,124,https://www.examtopics.com/discussions/google/view/57009-exam-professional-cloud-architect-topic-1-question-124/
1,125,https://www.examtopics.com/discussions/google/view/57007-exam-professional-cloud-architect-topic-1-question-125/
1,126,https://www.examtopics.com/discussions/google/view/56702-exam-professional-cloud-architect-topic-1-question-126/
1,127,https://www.examtopics.com/discussions/google/view/56603-exam-professional-cloud-architect-topic-1-question-127/
1,128,https://www.examtopics.com/discussions/google/view/56612-exam-professional-cloud-architect-topic-1-question-128/
1,129,https://www.examtopics.com/discussions/google/view/57424-exam-professional-cloud-architect-topic-1-question-129/
1,130,https://www.examtopics.com/discussions/google/view/57301-exam-professional-cloud-architect-topic-1-question-130/
1,131,https://www.examtopics.com/discussions/google/view/56615-exam-professional-cloud-architect-topic-1-question-131/
1,132,https://www.examtopics.com/discussions/google/view/57043-exam-professional-cloud-architect-topic-1-question-132/
1,133,https://www.examtopics.com/discussions/google/view/56751-exam-professional-cloud-architect-topic-1-question-133/
1,134,https://www.examtopics.com/discussions/google/view/56975-exam-professional-cloud-architect-topic-1-question-134/
1,135,https://www.examtopics.com/discussions/google/view/56640-exam-professional-cloud-architect-topic-1-question-135/
1,136,https://www.examtopics.com/discussions/google/view/56754-exam-professional-cloud-architect-topic-1-question-136/
1,137,https://www.examtopics.com/discussions/google/view/56656-exam-professional-cloud-architect-topic-1-question-137/
1,138,https://www.examtopics.com/discussions/google/view/56976-exam-professional-cloud-architect-topic-1-question-138/
1,139,https://www.examtopics.com/discussions/google/view/56706-exam-professional-cloud-architect-topic-1-question-139/
1,140,https://www.examtopics.com/discussions/google/view/60396-exam-professional-cloud-architect-topic-1-question-140/
1,141,https://www.examtopics.com/discussions/google/view/60698-exam-professional-cloud-architect-topic-1-question-141/
1,142,https://www.examtopics.com/discussions/google/view/60437-exam-professional-cloud-architect-topic-1-question-142/
1,143,https://www.examtopics.com/discussions/google/view/60682-exam-professional-cloud-architect-topic-1-question-143/
1,144,https://www.examtopics.com/discussions/google/view/60743-exam-professional-cloud-architect-topic-1-question-144/
1,145,https://www.examtopics.com/discussions/google/view/60438-exam-professional-cloud-architect-topic-1-question-145/
1,146,https://www.examtopics.com/discussions/google/view/60720-exam-professional-cloud-architect-topic-1-question-146/
1,147,https://www.examtopics.com/discussions/google/view/60583-exam-professional-cloud-architect-topic-1-question-147/
1,148,https://www.examtopics.com/discussions/google/view/60439-exam-professional-cloud-architect-topic-1-question-148/
1,149,https://www.examtopics.com/discussions/google/view/60440-exam-professional-cloud-architect-topic-1-question-149/
1,150,https://www.examtopics.com/discussions/google/view/60441-exam-professional-cloud-architect-topic-1-question-150/
1,151,https://www.examtopics.com/discussions/google/view/60436-exam-professional-cloud-architect-topic-1-question-151/
1,152,https://www.examtopics.com/discussions/google/view/60415-exam-professional-cloud-architect-topic-1-question-152/
1,153,https://www.examtopics.com/discussions/google/view/60624-exam-professional-cloud-architect-topic-1-question-153/
1,154,https://www.examtopics.com/discussions/google/view/60627-exam-professional-cloud-architect-topic-1-question-154/
1,155,https://www.examtopics.com/discussions/google/view/60494-exam-professional-cloud-architect-topic-1-question-155/
1,156,https://www.examtopics.com/discussions/google/view/60416-exam-professional-cloud-architect-topic-1-question-156/
1,157,https://www.examtopics.com/discussions/google/view/60495-exam-professional-cloud-architect-topic-1-question-157/
1,158,https://www.examtopics.com/discussions/google/view/8340-exam-professional-cloud-architect-topic-1-question-158/
1,159,https://www.examtopics.com/discussions/google/view/8341-exam-professional-cloud-architect-topic-1-question-159/
1,160,https://www.examtopics.com/discussions/google/view/54369-exam-professional-cloud-architect-topic-1-question-160/
1,161,https://www.examtopics.com/discussions/google/view/7016-exam-professional-cloud-architect-topic-1-question-161/
1,162,https://www.examtopics.com/discussions/google/view/7018-exam-professional-cloud-architect-topic-1-question-162/
1,163,https://www.examtopics.com/discussions/google/view/7020-exam-professional-cloud-architect-topic-1-question-163/
1,164,https://www.examtopics.com/discussions/google/view/54371-exam-professional-cloud-architect-topic-1-question-164/
1,165,https://www.examtopics.com/discussions/google/view/7068-exam-professional-cloud-architect-topic-1-question-165/
1,166,https://www.examtopics.com/discussions/google/view/54372-exam-professional-cloud-architect-topic-1-question-166/
1,167,https://www.examtopics.com/discussions/google/view/7073-exam-professional-cloud-architect-topic-1-question-167/
1,168,https://www.examtopics.com/discussions/google/view/54373-exam-professional-cloud-architect-topic-1-question-168/
1,169,https://www.examtopics.com/discussions/google/view/54374-exam-professional-cloud-architect-topic-1-question-169/
1,170,https://www.examtopics.com/discussions/google/view/7082-exam-professional-cloud-architect-topic-1-question-170/
1,171,https://www.examtopics.com/discussions/google/view/68682-exam-professional-cloud-architect-topic-1-question-171/
1,172,https://www.examtopics.com/discussions/google/view/68683-exam-professional-cloud-architect-topic-1-question-172/
1,173,https://www.examtopics.com/discussions/google/view/68684-exam-professional-cloud-architect-topic-1-question-173/
1,174,https://www.examtopics.com/discussions/google/view/68685-exam-professional-cloud-architect-topic-1-question-174/
1,175,https://www.examtopics.com/discussions/google/view/68686-exam-professional-cloud-architect-topic-1-question-175/
1,176,https://www.examtopics.com/discussions/google/view/68688-exam-professional-cloud-architect-topic-1-question-176/
1,177,https://www.examtopics.com/discussions/google/view/68690-exam-professional-cloud-architect-topic-1-question-177/
1,178,https://www.examtopics.com/discussions/google/view/68691-exam-professional-cloud-architect-topic-1-question-178/
1,179,https://www.examtopics.com/discussions/google/view/68692-exam-professional-cloud-architect-topic-1-question-179/
1,180,https://www.examtopics.com/discussions/google/view/68693-exam-professional-cloud-architect-topic-1-question-180/
1,181,https://www.examtopics.com/discussions/google/view/80034-exam-professional-cloud-architect-topic-1-question-181/
1,182,https://www.examtopics.com/discussions/google/view/80035-exam-professional-cloud-architect-topic-1-question-182/
1,183,https://www.examtopics.com/discussions/google/view/80075-exam-professional-cloud-architect-topic-1-question-183/
1,184,https://www.examtopics.com/discussions/google/view/79697-exam-professional-cloud-architect-topic-1-question-184/
1,185,https://www.examtopics.com/discussions/google/view/79702-exam-professional-cloud-architect-topic-1-question-185/
1,186,https://www.examtopics.com/discussions/google/view/79736-exam-professional-cloud-architect-topic-1-question-186/
1,187,https://www.examtopics.com/discussions/google/view/80112-exam-professional-cloud-architect-topic-1-question-187/
1,188,https://www.examtopics.com/discussions/google/view/80000-exam-professional-cloud-architect-topic-1-question-188/
1,189,https://www.examtopics.com/discussions/google/view/80304-exam-professional-cloud-architect-topic-1-question-189/
1,190,https://www.examtopics.com/discussions/google/view/80040-exam-professional-cloud-architect-topic-1-question-190/
1,191,https://www.examtopics.com/discussions/google/view/80419-exam-professional-cloud-architect-topic-1-question-191/
1,192,https://www.examtopics.com/discussions/google/view/121240-exam-professional-cloud-architect-topic-1-question-192/
1,193,https://www.examtopics.com/discussions/google/view/121322-exam-professional-cloud-architect-topic-1-question-193/
1,194,https://www.examtopics.com/discussions/google/view/121314-exam-professional-cloud-architect-topic-1-question-194/
1,195,https://www.examtopics.com/discussions/google/view/121313-exam-professional-cloud-architect-topic-1-question-195/
1,196,https://www.examtopics.com/discussions/google/view/121324-exam-professional-cloud-architect-topic-1-question-196/
1,197,https://www.examtopics.com/discussions/google/view/138677-exam-professional-cloud-architect-topic-1-question-197/
2,1,https://www.examtopics.com/discussions/google/view/10396-exam-professional-cloud-architect-topic-2-question-1/
2,2,https://www.examtopics.com/discussions/google/view/11917-exam-professional-cloud-architect-topic-2-question-2/
2,3,https://www.examtopics.com/discussions/google/view/12793-exam-professional-cloud-architect-topic-2-question-3/
2,4,https://www.examtopics.com/discussions/google/view/14318-exam-professional-cloud-architect-topic-2-question-4/
2,5,https://www.examtopics.com/discussions/google/view/6708-exam-professional-cloud-architect-topic-2-question-5/
2,6,https://www.examtopics.com/discussions/google/view/8497-exam-professional-cloud-architect-topic-2-question-6/
3,1,https://www.examtopics.com/discussions/google/view/65937-exam-professional-cloud-architect-topic-3-question-1/
3,2,https://www.examtopics.com/discussions/google/view/68709-exam-professional-cloud-architect-topic-3-question-2/
3,3,https://www.examtopics.com/discussions/google/view/56890-exam-professional-cloud-architect-topic-3-question-3/
3,4,https://www.examtopics.com/discussions/google/view/56322-exam-professional-cloud-architect-topic-3-question-4/
3,5,https://www.examtopics.com/discussions/google/view/56326-exam-professional-cloud-architect-topic-3-question-5/
3,6,https://www.examtopics.com/discussions/google/view/56328-exam-professional-cloud-architect-topic-3-question-6/
4,1,https://www.examtopics.com/discussions/google/view/60388-exam-professional-cloud-architect-topic-4-question-1/
4,2,https://www.examtopics.com/discussions/google/view/60423-exam-professional-cloud-architect-topic-4-question-2/
4,3,https://www.examtopics.com/discussions/google/view/60403-exam-professional-cloud-architect-topic-4-question-3/
4,4,https://www.examtopics.com/discussions/google/view/60435-exam-professional-cloud-architect-topic-4-question-4/
4,5,https://www.examtopics.com/discussions/google/view/60405-exam-professional-cloud-architect-topic-4-question-5/
4,6,https://www.examtopics.com/discussions/google/view/60407-exam-professional-cloud-architect-topic-4-question-6/
4,7,https://www.examtopics.com/discussions/google/view/60409-exam-professional-cloud-architect-topic-4-question-7/
5,1,https://www.examtopics.com/discussions/google/view/10722-exam-professional-cloud-architect-topic-5-question-1/
5,2,https://www.examtopics.com/discussions/google/view/9190-exam-professional-cloud-architect-topic-5-question-2/
5,3,https://www.examtopics.com/discussions/google/view/6549-exam-professional-cloud-architect-topic-5-question-3/
5,4,https://www.examtopics.com/discussions/google/view/9253-exam-professional-cloud-architect-topic-5-question-4/
5,5,https://www.examtopics.com/discussions/google/view/9191-exam-professional-cloud-architect-topic-5-question-5/
5,6,https://www.examtopics.com/discussions/google/view/11831-exam-professional-cloud-architect-topic-5-question-6/
6,1,https://www.examtopics.com/discussions/google/view/11888-exam-professional-cloud-architect-topic-6-question-1/
6,2,https://www.examtopics.com/discussions/google/view/8500-exam-professional-cloud-architect-topic-6-question-2/
6,3,https://www.examtopics.com/discussions/google/view/8501-exam-professional-cloud-architect-topic-6-question-3/
6,4,https://www.examtopics.com/discussions/google/view/12204-exam-professional-cloud-architect-topic-6-question-4/
6,5,https://www.examtopics.com/discussions/google/view/7236-exam-professional-cloud-architect-topic-6-question-5/
6,6,https://www.examtopics.com/discussions/google/view/7237-exam-professional-cloud-architect-topic-6-question-6/
6,7,https://www.examtopics.com/discussions/google/view/7238-exam-professional-cloud-architect-topic-6-question-7/
7,1,https://www.examtopics.com/discussions/google/view/56977-exam-professional-cloud-architect-topic-7-question-1/
7,2,https://www.examtopics.com/discussions/google/view/56978-exam-professional-cloud-architect-topic-7-question-2/
7,3,https://www.examtopics.com/discussions/google/view/56732-exam-professional-cloud-architect-topic-7-question-3/
7,4,https://www.examtopics.com/discussions/google/view/56734-exam-professional-cloud-architect-topic-7-question-4/
7,5,https://www.examtopics.com/discussions/google/view/56735-exam-professional-cloud-architect-topic-7-question-5/
7,6,https://www.examtopics.com/discussions/google/view/56645-exam-professional-cloud-architect-topic-7-question-6/
7,7,https://www.examtopics.com/discussions/google/view/56798-exam-professional-cloud-architect-topic-7-question-7/
8,1,https://www.examtopics.com/discussions/google/view/11084-exam-professional-cloud-architect-topic-8-question-1/
8,2,https://www.examtopics.com/discussions/google/view/11085-exam-professional-cloud-architect-topic-8-question-2/
8,3,https://www.examtopics.com/discussions/google/view/9449-exam-professional-cloud-architect-topic-8-question-3/
8,4,https://www.examtopics.com/discussions/google/view/6657-exam-professional-cloud-architect-topic-8-question-4/
8,5,https://www.examtopics.com/discussions/google/view/8687-exam-professional-cloud-architect-topic-8-question-5/
8,6,https://www.examtopics.com/discussions/google/view/12205-exam-professional-cloud-architect-topic-8-question-6/
8,7,https://www.examtopics.com/discussions/google/view/6485-exam-professional-cloud-architect-topic-8-question-7/
8,8,https://www.examtopics.com/discussions/google/view/8248-exam-professional-cloud-architect-topic-8-question-8/
8,9,https://www.examtopics.com/discussions/google/view/8249-exam-professional-cloud-architect-topic-8-question-9/
8,10,https://www.examtopics.com/discussions/google/view/12751-exam-professional-cloud-architect-topic-8-question-10/
8,11,https://www.examtopics.com/discussions/google/view/8250-exam-professional-cloud-architect-topic-8-question-11/
9,1,https://www.examtopics.com/discussions/google/view/6489-exam-professional-cloud-architect-topic-9-question-1/
9,2,https://www.examtopics.com/discussions/google/view/57128-exam-professional-cloud-architect-topic-9-question-2/
9,3,https://www.examtopics.com/discussions/google/view/7260-exam-professional-cloud-architect-topic-9-question-3/
9,4,https://www.examtopics.com/discussions/google/view/13467-exam-professional-cloud-architect-topic-9-question-4/
9,5,https://www.examtopics.com/discussions/google/view/14729-exam-professional-cloud-architect-topic-9-question-5/
9,6,https://www.examtopics.com/discussions/google/view/6785-exam-professional-cloud-architect-topic-9-question-6/
10,1,https://www.examtopics.com/discussions/google/view/60524-exam-professional-cloud-architect-topic-10-question-1/
10,2,https://www.examtopics.com/discussions/google/view/60525-exam-professional-cloud-architect-topic-10-question-2/
10,3,https://www.examtopics.com/discussions/google/view/60557-exam-professional-cloud-architect-topic-10-question-3/
10,4,https://www.examtopics.com/discussions/google/view/60562-exam-professional-cloud-architect-topic-10-question-4/
10,5,https://www.examtopics.com/discussions/google/view/60563-exam-professional-cloud-architect-topic-10-question-5/
10,6,https://www.examtopics.com/discussions/google/view/60483-exam-professional-cloud-architect-topic-10-question-6/
11,1,https://www.examtopics.com/discussions/google/view/6660-exam-professional-cloud-architect-topic-11-question-1/
11,2,https://www.examtopics.com/discussions/google/view/14731-exam-professional-cloud-architect-topic-11-question-2/
11,3,https://www.examtopics.com/discussions/google/view/7261-exam-professional-cloud-architect-topic-11-question-3/
11,4,https://www.examtopics.com/discussions/google/view/6617-exam-professional-cloud-architect-topic-11-question-4/
11,5,https://www.examtopics.com/discussions/google/view/6968-exam-professional-cloud-architect-topic-11-question-5/
11,6,https://www.examtopics.com/discussions/google/view/9198-exam-professional-cloud-architect-topic-11-question-6/
11,7,https://www.examtopics.com/discussions/google/view/7263-exam-professional-cloud-architect-topic-11-question-7/
11,8,https://www.examtopics.com/discussions/google/view/8251-exam-professional-cloud-architect-topic-11-question-8/
11,9,https://www.examtopics.com/discussions/google/view/14735-exam-professional-cloud-architect-topic-11-question-9/
11,10,https://www.examtopics.com/discussions/google/view/9199-exam-professional-cloud-architect-topic-11-question-10/
11,11,https://www.examtopics.com/discussions/google/view/6802-exam-professional-cloud-architect-topic-11-question-11/
12,1,https://www.examtopics.com/discussions/google/view/6803-exam-professional-cloud-architect-topic-12-question-1/
12,2,https://www.examtopics.com/discussions/google/view/7265-exam-professional-cloud-architect-topic-12-question-2/
12,3,https://www.examtopics.com/discussions/google/view/7266-exam-professional-cloud-architect-topic-12-question-3/
12,4,https://www.examtopics.com/discussions/google/view/6805-exam-professional-cloud-architect-topic-12-question-4/
12,5,https://www.examtopics.com/discussions/google/view/8252-exam-professional-cloud-architect-topic-12-question-5/
12,6,https://www.examtopics.com/discussions/google/view/6807-exam-professional-cloud-architect-topic-12-question-6/
