Topic,Question,Link
1,1,https://www.examtopics.com/discussions/google/view/54119-exam-professional-cloud-devops-engineer-topic-1-question-1/
1,2,https://www.examtopics.com/discussions/google/view/54120-exam-professional-cloud-devops-engineer-topic-1-question-2/
1,3,https://www.examtopics.com/discussions/google/view/54221-exam-professional-cloud-devops-engineer-topic-1-question-3/
1,4,https://www.examtopics.com/discussions/google/view/54226-exam-professional-cloud-devops-engineer-topic-1-question-4/
1,5,https://www.examtopics.com/discussions/google/view/54227-exam-professional-cloud-devops-engineer-topic-1-question-5/
1,6,https://www.examtopics.com/discussions/google/view/54228-exam-professional-cloud-devops-engineer-topic-1-question-6/
1,7,https://www.examtopics.com/discussions/google/view/54231-exam-professional-cloud-devops-engineer-topic-1-question-7/
1,8,https://www.examtopics.com/discussions/google/view/54233-exam-professional-cloud-devops-engineer-topic-1-question-8/
1,9,https://www.examtopics.com/discussions/google/view/54234-exam-professional-cloud-devops-engineer-topic-1-question-9/
1,10,https://www.examtopics.com/discussions/google/view/54235-exam-professional-cloud-devops-engineer-topic-1-question-10/
1,11,https://www.examtopics.com/discussions/google/view/54236-exam-professional-cloud-devops-engineer-topic-1-question-11/
1,12,https://www.examtopics.com/discussions/google/view/54238-exam-professional-cloud-devops-engineer-topic-1-question-12/
1,13,https://www.examtopics.com/discussions/google/view/54240-exam-professional-cloud-devops-engineer-topic-1-question-13/
1,14,https://www.examtopics.com/discussions/google/view/54241-exam-professional-cloud-devops-engineer-topic-1-question-14/
1,15,https://www.examtopics.com/discussions/google/view/54242-exam-professional-cloud-devops-engineer-topic-1-question-15/
1,16,https://www.examtopics.com/discussions/google/view/54244-exam-professional-cloud-devops-engineer-topic-1-question-16/
1,17,https://www.examtopics.com/discussions/google/view/54245-exam-professional-cloud-devops-engineer-topic-1-question-17/
1,18,https://www.examtopics.com/discussions/google/view/54246-exam-professional-cloud-devops-engineer-topic-1-question-18/
1,19,https://www.examtopics.com/discussions/google/view/54247-exam-professional-cloud-devops-engineer-topic-1-question-19/
1,20,https://www.examtopics.com/discussions/google/view/54248-exam-professional-cloud-devops-engineer-topic-1-question-20/
1,21,https://www.examtopics.com/discussions/google/view/54250-exam-professional-cloud-devops-engineer-topic-1-question-21/
1,22,https://www.examtopics.com/discussions/google/view/54251-exam-professional-cloud-devops-engineer-topic-1-question-22/
1,23,https://www.examtopics.com/discussions/google/view/54252-exam-professional-cloud-devops-engineer-topic-1-question-23/
1,24,https://www.examtopics.com/discussions/google/view/54255-exam-professional-cloud-devops-engineer-topic-1-question-24/
1,25,https://www.examtopics.com/discussions/google/view/54256-exam-professional-cloud-devops-engineer-topic-1-question-25/
1,26,https://www.examtopics.com/discussions/google/view/54260-exam-professional-cloud-devops-engineer-topic-1-question-26/
1,27,https://www.examtopics.com/discussions/google/view/54261-exam-professional-cloud-devops-engineer-topic-1-question-27/
1,28,https://www.examtopics.com/discussions/google/view/54262-exam-professional-cloud-devops-engineer-topic-1-question-28/
1,29,https://www.examtopics.com/discussions/google/view/54263-exam-professional-cloud-devops-engineer-topic-1-question-29/
1,30,https://www.examtopics.com/discussions/google/view/54264-exam-professional-cloud-devops-engineer-topic-1-question-30/
1,31,https://www.examtopics.com/discussions/google/view/54267-exam-professional-cloud-devops-engineer-topic-1-question-31/
1,32,https://www.examtopics.com/discussions/google/view/54268-exam-professional-cloud-devops-engineer-topic-1-question-32/
1,33,https://www.examtopics.com/discussions/google/view/54269-exam-professional-cloud-devops-engineer-topic-1-question-33/
1,34,https://www.examtopics.com/discussions/google/view/54280-exam-professional-cloud-devops-engineer-topic-1-question-34/
1,35,https://www.examtopics.com/discussions/google/view/54281-exam-professional-cloud-devops-engineer-topic-1-question-35/
1,36,https://www.examtopics.com/discussions/google/view/54282-exam-professional-cloud-devops-engineer-topic-1-question-36/
1,37,https://www.examtopics.com/discussions/google/view/54283-exam-professional-cloud-devops-engineer-topic-1-question-37/
1,38,https://www.examtopics.com/discussions/google/view/54285-exam-professional-cloud-devops-engineer-topic-1-question-38/
1,39,https://www.examtopics.com/discussions/google/view/54286-exam-professional-cloud-devops-engineer-topic-1-question-39/
1,40,https://www.examtopics.com/discussions/google/view/54287-exam-professional-cloud-devops-engineer-topic-1-question-40/
1,41,https://www.examtopics.com/discussions/google/view/54763-exam-professional-cloud-devops-engineer-topic-1-question-41/
1,42,https://www.examtopics.com/discussions/google/view/54764-exam-professional-cloud-devops-engineer-topic-1-question-42/
1,43,https://www.examtopics.com/discussions/google/view/54765-exam-professional-cloud-devops-engineer-topic-1-question-43/
1,44,https://www.examtopics.com/discussions/google/view/54766-exam-professional-cloud-devops-engineer-topic-1-question-44/
1,45,https://www.examtopics.com/discussions/google/view/54891-exam-professional-cloud-devops-engineer-topic-1-question-45/
1,46,https://www.examtopics.com/discussions/google/view/54447-exam-professional-cloud-devops-engineer-topic-1-question-46/
1,47,https://www.examtopics.com/discussions/google/view/54448-exam-professional-cloud-devops-engineer-topic-1-question-47/
1,48,https://www.examtopics.com/discussions/google/view/54769-exam-professional-cloud-devops-engineer-topic-1-question-48/
1,49,https://www.examtopics.com/discussions/google/view/55256-exam-professional-cloud-devops-engineer-topic-1-question-49/
1,50,https://www.examtopics.com/discussions/google/view/55257-exam-professional-cloud-devops-engineer-topic-1-question-50/
1,51,https://www.examtopics.com/discussions/google/view/64620-exam-professional-cloud-devops-engineer-topic-1-question-51/
1,52,https://www.examtopics.com/discussions/google/view/64619-exam-professional-cloud-devops-engineer-topic-1-question-52/
1,53,https://www.examtopics.com/discussions/google/view/64821-exam-professional-cloud-devops-engineer-topic-1-question-53/
1,54,https://www.examtopics.com/discussions/google/view/64820-exam-professional-cloud-devops-engineer-topic-1-question-54/
1,55,https://www.examtopics.com/discussions/google/view/64822-exam-professional-cloud-devops-engineer-topic-1-question-55/
1,56,https://www.examtopics.com/discussions/google/view/64784-exam-professional-cloud-devops-engineer-topic-1-question-56/
1,57,https://www.examtopics.com/discussions/google/view/64823-exam-professional-cloud-devops-engineer-topic-1-question-57/
1,58,https://www.examtopics.com/discussions/google/view/64852-exam-professional-cloud-devops-engineer-topic-1-question-58/
1,59,https://www.examtopics.com/discussions/google/view/64824-exam-professional-cloud-devops-engineer-topic-1-question-59/
1,60,https://www.examtopics.com/discussions/google/view/64985-exam-professional-cloud-devops-engineer-topic-1-question-60/
1,61,https://www.examtopics.com/discussions/google/view/64943-exam-professional-cloud-devops-engineer-topic-1-question-61/
1,62,https://www.examtopics.com/discussions/google/view/64825-exam-professional-cloud-devops-engineer-topic-1-question-62/
1,63,https://www.examtopics.com/discussions/google/view/64826-exam-professional-cloud-devops-engineer-topic-1-question-63/
1,64,https://www.examtopics.com/discussions/google/view/64827-exam-professional-cloud-devops-engineer-topic-1-question-64/
1,65,https://www.examtopics.com/discussions/google/view/64746-exam-professional-cloud-devops-engineer-topic-1-question-65/
1,66,https://www.examtopics.com/discussions/google/view/64937-exam-professional-cloud-devops-engineer-topic-1-question-66/
1,67,https://www.examtopics.com/discussions/google/view/64742-exam-professional-cloud-devops-engineer-topic-1-question-67/
1,68,https://www.examtopics.com/discussions/google/view/64743-exam-professional-cloud-devops-engineer-topic-1-question-68/
1,69,https://www.examtopics.com/discussions/google/view/64830-exam-professional-cloud-devops-engineer-topic-1-question-69/
1,70,https://www.examtopics.com/discussions/google/view/65085-exam-professional-cloud-devops-engineer-topic-1-question-70/
1,71,https://www.examtopics.com/discussions/google/view/64832-exam-professional-cloud-devops-engineer-topic-1-question-71/
1,72,https://www.examtopics.com/discussions/google/view/64834-exam-professional-cloud-devops-engineer-topic-1-question-72/
1,73,https://www.examtopics.com/discussions/google/view/65003-exam-professional-cloud-devops-engineer-topic-1-question-73/
1,74,https://www.examtopics.com/discussions/google/view/65079-exam-professional-cloud-devops-engineer-topic-1-question-74/
1,75,https://www.examtopics.com/discussions/google/view/64835-exam-professional-cloud-devops-engineer-topic-1-question-75/
1,76,https://www.examtopics.com/discussions/google/view/64837-exam-professional-cloud-devops-engineer-topic-1-question-76/
1,77,https://www.examtopics.com/discussions/google/view/65247-exam-professional-cloud-devops-engineer-topic-1-question-77/
1,78,https://www.examtopics.com/discussions/google/view/65112-exam-professional-cloud-devops-engineer-topic-1-question-78/
1,79,https://www.examtopics.com/discussions/google/view/65005-exam-professional-cloud-devops-engineer-topic-1-question-79/
1,80,https://www.examtopics.com/discussions/google/view/65115-exam-professional-cloud-devops-engineer-topic-1-question-80/
1,81,https://www.examtopics.com/discussions/google/view/65116-exam-professional-cloud-devops-engineer-topic-1-question-81/
1,82,https://www.examtopics.com/discussions/google/view/122000-exam-professional-cloud-devops-engineer-topic-1-question-82/
1,83,https://www.examtopics.com/discussions/google/view/122001-exam-professional-cloud-devops-engineer-topic-1-question-83/
1,84,https://www.examtopics.com/discussions/google/view/122002-exam-professional-cloud-devops-engineer-topic-1-question-84/
1,85,https://www.examtopics.com/discussions/google/view/122003-exam-professional-cloud-devops-engineer-topic-1-question-85/
1,86,https://www.examtopics.com/discussions/google/view/122004-exam-professional-cloud-devops-engineer-topic-1-question-86/
1,87,https://www.examtopics.com/discussions/google/view/123441-exam-professional-cloud-devops-engineer-topic-1-question-87/
1,88,https://www.examtopics.com/discussions/google/view/122005-exam-professional-cloud-devops-engineer-topic-1-question-88/
1,89,https://www.examtopics.com/discussions/google/view/122006-exam-professional-cloud-devops-engineer-topic-1-question-89/
1,90,https://www.examtopics.com/discussions/google/view/122008-exam-professional-cloud-devops-engineer-topic-1-question-90/
1,91,https://www.examtopics.com/discussions/google/view/123036-exam-professional-cloud-devops-engineer-topic-1-question-91/
1,92,https://www.examtopics.com/discussions/google/view/123803-exam-professional-cloud-devops-engineer-topic-1-question-92/
1,93,https://www.examtopics.com/discussions/google/view/122633-exam-professional-cloud-devops-engineer-topic-1-question-93/
1,94,https://www.examtopics.com/discussions/google/view/123804-exam-professional-cloud-devops-engineer-topic-1-question-94/
1,95,https://www.examtopics.com/discussions/google/view/122018-exam-professional-cloud-devops-engineer-topic-1-question-95/
1,96,https://www.examtopics.com/discussions/google/view/122634-exam-professional-cloud-devops-engineer-topic-1-question-96/
1,97,https://www.examtopics.com/discussions/google/view/122020-exam-professional-cloud-devops-engineer-topic-1-question-97/
1,98,https://www.examtopics.com/discussions/google/view/122383-exam-professional-cloud-devops-engineer-topic-1-question-98/
1,99,https://www.examtopics.com/discussions/google/view/122021-exam-professional-cloud-devops-engineer-topic-1-question-99/
1,100,https://www.examtopics.com/discussions/google/view/123218-exam-professional-cloud-devops-engineer-topic-1-question-100/
1,101,https://www.examtopics.com/discussions/google/view/122025-exam-professional-cloud-devops-engineer-topic-1-question-101/
1,102,https://www.examtopics.com/discussions/google/view/122026-exam-professional-cloud-devops-engineer-topic-1-question-102/
1,103,https://www.examtopics.com/discussions/google/view/122029-exam-professional-cloud-devops-engineer-topic-1-question-103/
1,104,https://www.examtopics.com/discussions/google/view/122031-exam-professional-cloud-devops-engineer-topic-1-question-104/
1,105,https://www.examtopics.com/discussions/google/view/122032-exam-professional-cloud-devops-engineer-topic-1-question-105/
1,106,https://www.examtopics.com/discussions/google/view/123225-exam-professional-cloud-devops-engineer-topic-1-question-106/
1,107,https://www.examtopics.com/discussions/google/view/124314-exam-professional-cloud-devops-engineer-topic-1-question-107/
1,108,https://www.examtopics.com/discussions/google/view/122037-exam-professional-cloud-devops-engineer-topic-1-question-108/
1,109,https://www.examtopics.com/discussions/google/view/123227-exam-professional-cloud-devops-engineer-topic-1-question-109/
1,110,https://www.examtopics.com/discussions/google/view/122999-exam-professional-cloud-devops-engineer-topic-1-question-110/
1,111,https://www.examtopics.com/discussions/google/view/123269-exam-professional-cloud-devops-engineer-topic-1-question-111/
1,112,https://www.examtopics.com/discussions/google/view/123442-exam-professional-cloud-devops-engineer-topic-1-question-112/
1,113,https://www.examtopics.com/discussions/google/view/122338-exam-professional-cloud-devops-engineer-topic-1-question-113/
1,114,https://www.examtopics.com/discussions/google/view/124315-exam-professional-cloud-devops-engineer-topic-1-question-114/
1,115,https://www.examtopics.com/discussions/google/view/122339-exam-professional-cloud-devops-engineer-topic-1-question-115/
1,116,https://www.examtopics.com/discussions/google/view/122735-exam-professional-cloud-devops-engineer-topic-1-question-116/
1,117,https://www.examtopics.com/discussions/google/view/122062-exam-professional-cloud-devops-engineer-topic-1-question-117/
1,118,https://www.examtopics.com/discussions/google/view/123007-exam-professional-cloud-devops-engineer-topic-1-question-118/
1,119,https://www.examtopics.com/discussions/google/view/123008-exam-professional-cloud-devops-engineer-topic-1-question-119/
1,120,https://www.examtopics.com/discussions/google/view/122063-exam-professional-cloud-devops-engineer-topic-1-question-120/
1,121,https://www.examtopics.com/discussions/google/view/122340-exam-professional-cloud-devops-engineer-topic-1-question-121/
1,122,https://www.examtopics.com/discussions/google/view/122490-exam-professional-cloud-devops-engineer-topic-1-question-122/
1,123,https://www.examtopics.com/discussions/google/view/122342-exam-professional-cloud-devops-engineer-topic-1-question-123/
1,124,https://www.examtopics.com/discussions/google/view/122343-exam-professional-cloud-devops-engineer-topic-1-question-124/
1,125,https://www.examtopics.com/discussions/google/view/124659-exam-professional-cloud-devops-engineer-topic-1-question-125/
1,126,https://www.examtopics.com/discussions/google/view/124660-exam-professional-cloud-devops-engineer-topic-1-question-126/
1,127,https://www.examtopics.com/discussions/google/view/124316-exam-professional-cloud-devops-engineer-topic-1-question-127/
1,128,https://www.examtopics.com/discussions/google/view/124699-exam-professional-cloud-devops-engineer-topic-1-question-128/
1,129,https://www.examtopics.com/discussions/google/view/124662-exam-professional-cloud-devops-engineer-topic-1-question-129/
1,130,https://www.examtopics.com/discussions/google/view/124538-exam-professional-cloud-devops-engineer-topic-1-question-130/
1,131,https://www.examtopics.com/discussions/google/view/124811-exam-professional-cloud-devops-engineer-topic-1-question-131/
1,132,https://www.examtopics.com/discussions/google/view/125235-exam-professional-cloud-devops-engineer-topic-1-question-132/
1,133,https://www.examtopics.com/discussions/google/view/124664-exam-professional-cloud-devops-engineer-topic-1-question-133/
1,134,https://www.examtopics.com/discussions/google/view/124847-exam-professional-cloud-devops-engineer-topic-1-question-134/
1,135,https://www.examtopics.com/discussions/google/view/124848-exam-professional-cloud-devops-engineer-topic-1-question-135/
1,136,https://www.examtopics.com/discussions/google/view/124238-exam-professional-cloud-devops-engineer-topic-1-question-136/
1,137,https://www.examtopics.com/discussions/google/view/124375-exam-professional-cloud-devops-engineer-topic-1-question-137/
1,138,https://www.examtopics.com/discussions/google/view/124814-exam-professional-cloud-devops-engineer-topic-1-question-138/
1,139,https://www.examtopics.com/discussions/google/view/124674-exam-professional-cloud-devops-engineer-topic-1-question-139/
1,140,https://www.examtopics.com/discussions/google/view/124241-exam-professional-cloud-devops-engineer-topic-1-question-140/
1,141,https://www.examtopics.com/discussions/google/view/124242-exam-professional-cloud-devops-engineer-topic-1-question-141/
1,142,https://www.examtopics.com/discussions/google/view/124376-exam-professional-cloud-devops-engineer-topic-1-question-142/
1,143,https://www.examtopics.com/discussions/google/view/124243-exam-professional-cloud-devops-engineer-topic-1-question-143/
1,144,https://www.examtopics.com/discussions/google/view/124688-exam-professional-cloud-devops-engineer-topic-1-question-144/
1,145,https://www.examtopics.com/discussions/google/view/124244-exam-professional-cloud-devops-engineer-topic-1-question-145/
1,146,https://www.examtopics.com/discussions/google/view/124245-exam-professional-cloud-devops-engineer-topic-1-question-146/
1,147,https://www.examtopics.com/discussions/google/view/124246-exam-professional-cloud-devops-engineer-topic-1-question-147/
1,148,https://www.examtopics.com/discussions/google/view/124377-exam-professional-cloud-devops-engineer-topic-1-question-148/
1,149,https://www.examtopics.com/discussions/google/view/124849-exam-professional-cloud-devops-engineer-topic-1-question-149/
1,150,https://www.examtopics.com/discussions/google/view/124745-exam-professional-cloud-devops-engineer-topic-1-question-150/
1,151,https://www.examtopics.com/discussions/google/view/124264-exam-professional-cloud-devops-engineer-topic-1-question-151/
1,152,https://www.examtopics.com/discussions/google/view/125154-exam-professional-cloud-devops-engineer-topic-1-question-152/
1,153,https://www.examtopics.com/discussions/google/view/124265-exam-professional-cloud-devops-engineer-topic-1-question-153/
1,154,https://www.examtopics.com/discussions/google/view/124850-exam-professional-cloud-devops-engineer-topic-1-question-154/
1,155,https://www.examtopics.com/discussions/google/view/124266-exam-professional-cloud-devops-engineer-topic-1-question-155/
1,156,https://www.examtopics.com/discussions/google/view/124851-exam-professional-cloud-devops-engineer-topic-1-question-156/
1,157,https://www.examtopics.com/discussions/google/view/124852-exam-professional-cloud-devops-engineer-topic-1-question-157/
1,158,https://www.examtopics.com/discussions/google/view/124678-exam-professional-cloud-devops-engineer-topic-1-question-158/
1,159,https://www.examtopics.com/discussions/google/view/124631-exam-professional-cloud-devops-engineer-topic-1-question-159/
1,160,https://www.examtopics.com/discussions/google/view/125156-exam-professional-cloud-devops-engineer-topic-1-question-160/
1,161,https://www.examtopics.com/discussions/google/view/124679-exam-professional-cloud-devops-engineer-topic-1-question-161/
1,162,https://www.examtopics.com/discussions/google/view/124792-exam-professional-cloud-devops-engineer-topic-1-question-162/
1,163,https://www.examtopics.com/discussions/google/view/124320-exam-professional-cloud-devops-engineer-topic-1-question-163/
1,164,https://www.examtopics.com/discussions/google/view/124268-exam-professional-cloud-devops-engineer-topic-1-question-164/
1,165,https://www.examtopics.com/discussions/google/view/124269-exam-professional-cloud-devops-engineer-topic-1-question-165/
1,166,https://www.examtopics.com/discussions/google/view/124271-exam-professional-cloud-devops-engineer-topic-1-question-166/